{"version": "0.4.16", "metrics": [{"metric": "DatasetDriftMetric", "result": {"drift_share": 0.5, "number_of_columns": 4, "number_of_drifted_columns": 3, "share_of_drifted_columns": 0.75, "dataset_drift": true}}, {"metric": "DataDriftTable", "result": {"number_of_columns": 4, "number_of_drifted_columns": 3, "share_of_drifted_columns": 0.75, "dataset_drift": true, "drift_by_columns": {"prediction": {"column_name": "prediction", "column_type": "cat", "stattest_name": "Z-test p_value", "stattest_threshold": 0.05, "drift_score": 0.7253932665448153, "drift_detected": false, "current": {"small_distribution": {"x": [0, 1], "y": [179, 321]}}, "reference": {"small_distribution": {"x": [0, 1], "y": [147, 251]}}}, "mean radius": {"column_name": "mean radius", "column_type": "num", "stattest_name": "K-S p_value", "stattest_threshold": 0.05, "drift_score": 5.369651529377004e-125, "drift_detected": true, "current": {"small_distribution": {"x": [6.981, 12.768145797436532, 18.55529159487306, 24.3424373923096, 30.12958318974613, 35.91672898718266, 41.703874784619195, 47.491020582055725, 53.278166379492255, 59.065312176928785, 64.85245797436532], "y": [0.0089854311296311, 0.01520611421937571, 0.03766969204345342, 0.0355961310135386, 0.03697850503348184, 0.01762526875427637, 0.008985431129631101, 0.005183902574787174, 0.0048383090698013624, 0.001727967524929056]}}, "reference": {"small_distribution": {"x": [7.691, 9.7329, 11.774799999999999, 13.8167, 15.8586, 17.9005, 19.9424, 21.9843, 24.0262, 26.068099999999998, 28.11], "y": [0.031993061935368584, 0.09351818104184677, 0.15504330014832463, 0.08490466436693983, 0.039376076228145936, 0.047989592903052936, 0.02461004764259121, 0.004922009528518251, 0.0036915071463886878, 0.0036915071463886812]}}}, "mean smoothness": {"column_name": "mean smoothness", "column_type": "num", "stattest_name": "K-S p_value", "stattest_threshold": 0.05, "drift_score": 0.008393351409080473, "drift_detected": true, "current": {"small_distribution": {"x": [0.05263, 0.061077000000000006, 0.069524, 0.077971, 0.086418, 0.094865, 0.103312, 0.111759, 0.12020600000000001, 0.128653, 0.1371], "y": [0.47354090209541827, 3.0780158636202217, 5.208949923049606, 16.573931573339653, 23.20350420267548, 30.069847283059087, 21.782881496389262, 11.12821119924232, 3.551556765715646, 3.3147863146679257]}}, "reference": {"small_distribution": {"x": [0.06251, 0.072599, 0.082688, 0.092777, 0.10286599999999999, 0.112955, 0.12304399999999999, 0.133133, 0.143222, 0.15331099999999998, 0.1634], "y": [1.7432787886304353, 14.195270135990686, 27.892460618086965, 25.40206234861495, 18.67798702104035, 8.467354116204982, 1.7432787886304328, 0.4980796538944107, 0.24903982694720536, 0.2490398269472047]}}}, "mean texture": {"column_name": "mean texture", "column_type": "num", "stattest_name": "K-S p_value", "stattest_threshold": 0.05, "drift_score": 0.010861177036847542, "drift_detected": true, "current": {"small_distribution": {"x": [10.38, 12.454, 14.528000000000002, 16.602000000000004, 18.676000000000002, 20.75, 22.824000000000005, 24.898000000000003, 26.972, 29.046000000000006, 31.12], "y": [0.013500482160077145, 0.05014464802314365, 0.06268081002892956, 0.08582449373191908, 0.08871745419479275, 0.06750241080038556, 0.04628736740597883, 0.031822565091610445, 0.022179363548698112, 0.013500482160077182]}}, "reference": {"small_distribution": {"x": [9.71, 12.667000000000002, 15.624, 18.581, 21.538, 24.495, 27.451999999999998, 30.409, 33.366, 36.323, 39.28], "y": [0.01019639965128313, 0.05608019808205724, 0.09601609671624951, 0.09006819691966764, 0.050132298285475385, 0.021242499273506545, 0.01019639965128313, 0.0016993999418805214, 0.0016993999418805214, 0.0008496999709402607]}}}}, "current_fi": null, "reference_fi": null}}], "timestamp": "2025-12-05 17:03:25.875493"}